{
  "name": "QRcode_HUB75",
  "version": "2.1.0",
  "keywords": "qr code, ESP32, ESP8266, TFT, ST7789, HUB75",
  "description": "QR code generation for HUB75 panels",
  "repository":
  {
    "type": "git",
    "url": "https://github.com/yoprogramo/QRcode_HUB75"
  },
  "authors":
  [
    {
        "name": "Jose Antonio Espinosa",
        "email": "yoprogramo@gmail.com",
        "url": "https://yoprogramo.com"
    }
  ],
  "frameworks": "arduino",
  "platforms": [
    "espressif8266",
    "espressif32"
  ]
}
